Workbook

Sheet Readme
A1: IEA World Energy Outlook 2024
A3: WEO2024_Free_DataSet
C6: Stated Policies (Mt CO₂)
A7: Electricity and heat sectors | B7: 2023 | C7: 2030 | D7: 2035 | E7: 2040 | F7: 2050
A8: Coal | B8: 11269.26 | C8: 9607.4 | D8: 7460 | E8: 6133.64 | F8: 4582.8
A9: Oil | B9: 638.01 | C9: 332.84 | D9: 262.14 | E9: 199.28 | F9: 116.97
A10: Natural gas | B10: 3211.38 | C10: 3239.38 | D10: 3125.81 | E10: 3012.25 | F10: 2929.12
A11: Bioenergy and waste | B11: 143.58 | C11: 131.13 | D11: 120.04 | E11: 124.04 | F11: 127.94
A13: Electricity and heat sectors | C13: Announced Pledges (Mt CO₂)
A14: Coal | B14: 11269.26 | C14: 8425.1 | D14: 4916.83 | E14: 2830.72 | F14: 1329.7
A15: Oil | B15: 638.01 | C15: 266.82 | D15: 181.72 | E15: 122.39 | F15: 65.77
A16: Natural gas | B16: 3211.38 | C16: 2964.56 | D16: 2436.61 | E16: 2052.65 | F16: 1460.59
A17: Bioenergy and waste | B17: 143.58 | C17: 103.74 | D17: -19.4 | E17: -111.71 | F17: -216.41
A19: Electricity and heat sectors | C19: Net Zero Emissions by 2050 (Mt CO₂)
A20: Coal | B20: 11269.26 | C20: 5645.52 | D20: 1709.4 | E20: 34.84 | F20: 19.78
A21: Oil | B21: 638.01 | C21: 168.68 | D21: 65.92 | E21: 18.03 | F21: 0.23
A22: Natural gas | B22: 3211.38 | C22: 2991.74 | D22: 1441.92 | E22: 634.72 | F22: 111.31
A23: Bioenergy and waste | B23: 143.58 | C23: 54.92 | D23: -162.9 | E23: -303.63 | F23: -430.32

Sheet Combine_EmissionTrend
A1: Sector | B1: 2022 | C1: 2023 | D1: 2024 | E1: 2025 | F1: 2026 | G1: 2027 | H1: 2028 | I1: 2029 | J1: 2030 | K1: 2031 | L1: 2032 | M1: 2033 | N1: 2034 | O1: 2035 | P1: 2036 | Q1: 2037 | R1: 2038 | S1: 2039 | T1: 2040 | U1: 2041 | V1: 2042 | W1: 2043 | X1: 2044 | Y1: 2045 | Z1: 2046 | AA1: 2047 | AB1: 2048 | AC1: 2049 | AD1: 2050
A2: Coal | B2: =1-(((Readme!$C14+Readme!$C20)/2)/((Readme!$B14+Readme!$B20)/2))^(1/(2030-2023)) -> 0.065090245 | C2: =1-(((Readme!$C14+Readme!$C20)/2)/((Readme!$B14+Readme!$B20)/2))^(1/(2030-2023)) -> 0.065090245 | D2: =1-(((Readme!$C14+Readme!$C20)/2)/((Readme!$B14+Readme!$B20)/2))^(1/(2030-2023)) -> 0.065090245 | E2: =1-(((Readme!$C14+Readme!$C20)/2)/((Readme!$B14+Readme!$B20)/2))^(1/(2030-2023)) -> 0.065090245 | F2: =1-(((Readme!$C14+Readme!$C20)/2)/((Readme!$B14+Readme!$B20)/2))^(1/(2030-2023)) -> 0.065090245 | G2: =1-(((Readme!$C14+Readme!$C20)/2)/((Readme!$B14+Readme!$B20)/2))^(1/(2030-2023)) -> 0.065090245 | H2: =1-(((Readme!$C14+Readme!$C20)/2)/((Readme!$B14+Readme!$B20)/2))^(1/(2030-2023)) -> 0.065090245 | I2: =1-(((Readme!$C14+Readme!$C20)/2)/((Readme!$B14+Readme!$B20)/2))^(1/(2030-2023)) -> 0.065090245 | J2: =1-(((Readme!$C14+Readme!$C20)/2)/((Readme!$B14+Readme!$B20)/2))^(1/(2030-2023)) -> 0.065090245 | K2: =1-(((Readme!$D14+Readme!$D20)/2)/((Readme!$C14+Readme!$C20)/2))^(1/(2035-2030)) -> 0.1398174 | L2: =1-(((Readme!$D14+Readme!$D20)/2)/((Readme!$C14+Readme!$C20)/2))^(1/(2035-2030)) -> 0.1398174 | M2: =1-(((Readme!$D14+Readme!$D20)/2)/((Readme!$C14+Readme!$C20)/2))^(1/(2035-2030)) -> 0.1398174 | N2: =1-(((Readme!$D14+Readme!$D20)/2)/((Readme!$C14+Readme!$C20)/2))^(1/(2035-2030)) -> 0.1398174 | O2: =1-(((Readme!$D14+Readme!$D20)/2)/((Readme!$C14+Readme!$C20)/2))^(1/(2035-2030)) -> 0.1398174 | P2: =1-(((Readme!$E14+Readme!$E20)/2)/((Readme!$D14+Readme!$D20)/2))^(1/(2040-2035)) -> 0.154354 | Q2: =1-(((Readme!$E14+Readme!$E20)/2)/((Readme!$D14+Readme!$D20)/2))^(1/(2040-2035)) -> 0.154354 | R2: =1-(((Readme!$E14+Readme!$E20)/2)/((Readme!$D14+Readme!$D20)/2))^(1/(2040-2035)) -> 0.154354 | S2: =1-(((Readme!$E14+Readme!$E20)/2)/((Readme!$D14+Readme!$D20)/2))^(1/(2040-2035)) -> 0.154354 | T2: =1-(((Readme!$E14+Readme!$E20)/2)/((Readme!$D14+Readme!$D20)/2))^(1/(2040-2035)) -> 0.154354 | U2: =1-(((Readme!$F14+Readme!$F20)/2)/((Readme!$E14+Readme!$E20)/2))^(1/(2050-2040)) -> 0.072538919 | V2: =1-(((Readme!$F14+Readme!$F20)/2)/((Readme!$E14+Readme!$E20)/2))^(1/(2050-2040)) -> 0.072538919 | W2: =1-(((Readme!$F14+Readme!$F20)/2)/((Readme!$E14+Readme!$E20)/2))^(1/(2050-2040)) -> 0.072538919 | X2: =1-(((Readme!$F14+Readme!$F20)/2)/((Readme!$E14+Readme!$E20)/2))^(1/(2050-2040)) -> 0.072538919 | Y2: =1-(((Readme!$F14+Readme!$F20)/2)/((Readme!$E14+Readme!$E20)/2))^(1/(2050-2040)) -> 0.072538919 | Z2: =1-(((Readme!$F14+Readme!$F20)/2)/((Readme!$E14+Readme!$E20)/2))^(1/(2050-2040)) -> 0.072538919 | AA2: =1-(((Readme!$F14+Readme!$F20)/2)/((Readme!$E14+Readme!$E20)/2))^(1/(2050-2040)) -> 0.072538919 | AB2: =1-(((Readme!$F14+Readme!$F20)/2)/((Readme!$E14+Readme!$E20)/2))^(1/(2050-2040)) -> 0.072538919 | ... AD2: =1-(((Readme!$F14+Readme!$F20)/2)/((Readme!$E14+Readme!$E20)/2))^(1/(2050-2040)) -> 0.072538919
A3: Oil | B3: =1-(((Readme!$C15+Readme!$C21)/2)/((Readme!$B15+Readme!$B21)/2))^(1/(2030-2023)) -> 0.14236127 | C3: =1-(((Readme!$C15+Readme!$C21)/2)/((Readme!$B15+Readme!$B21)/2))^(1/(2030-2023)) -> 0.14236127 | D3: =1-(((Readme!$C15+Readme!$C21)/2)/((Readme!$B15+Readme!$B21)/2))^(1/(2030-2023)) -> 0.14236127 | E3: =1-(((Readme!$C15+Readme!$C21)/2)/((Readme!$B15+Readme!$B21)/2))^(1/(2030-2023)) -> 0.14236127 | F3: =1-(((Readme!$C15+Readme!$C21)/2)/((Readme!$B15+Readme!$B21)/2))^(1/(2030-2023)) -> 0.14236127 | G3: =1-(((Readme!$C15+Readme!$C21)/2)/((Readme!$B15+Readme!$B21)/2))^(1/(2030-2023)) -> 0.14236127 | H3: =1-(((Readme!$C15+Readme!$C21)/2)/((Readme!$B15+Readme!$B21)/2))^(1/(2030-2023)) -> 0.14236127 | I3: =1-(((Readme!$C15+Readme!$C21)/2)/((Readme!$B15+Readme!$B21)/2))^(1/(2030-2023)) -> 0.14236127 | J3: =1-(((Readme!$C15+Readme!$C21)/2)/((Readme!$B15+Readme!$B21)/2))^(1/(2030-2023)) -> 0.14236127 | K3: =1-(((Readme!$D15+Readme!$D21)/2)/((Readme!$C15+Readme!$C21)/2))^(1/(2035-2030)) -> 0.10676336 | L3: =1-(((Readme!$D15+Readme!$D21)/2)/((Readme!$C15+Readme!$C21)/2))^(1/(2035-2030)) -> 0.10676336 | M3: =1-(((Readme!$D15+Readme!$D21)/2)/((Readme!$C15+Readme!$C21)/2))^(1/(2035-2030)) -> 0.10676336 | N3: =1-(((Readme!$D15+Readme!$D21)/2)/((Readme!$C15+Readme!$C21)/2))^(1/(2035-2030)) -> 0.10676336 | O3: =1-(((Readme!$D15+Readme!$D21)/2)/((Readme!$C15+Readme!$C21)/2))^(1/(2035-2030)) -> 0.10676336 | P3: =1-(((Readme!$E15+Readme!$E21)/2)/((Readme!$D15+Readme!$D21)/2))^(1/(2040-2035)) -> 0.10726691 | Q3: =1-(((Readme!$E15+Readme!$E21)/2)/((Readme!$D15+Readme!$D21)/2))^(1/(2040-2035)) -> 0.10726691 | R3: =1-(((Readme!$E15+Readme!$E21)/2)/((Readme!$D15+Readme!$D21)/2))^(1/(2040-2035)) -> 0.10726691 | S3: =1-(((Readme!$E15+Readme!$E21)/2)/((Readme!$D15+Readme!$D21)/2))^(1/(2040-2035)) -> 0.10726691 | T3: =1-(((Readme!$E15+Readme!$E21)/2)/((Readme!$D15+Readme!$D21)/2))^(1/(2040-2035)) -> 0.10726691 | U3: =1-(((Readme!$F15+Readme!$F21)/2)/((Readme!$E15+Readme!$E21)/2))^(1/(2050-2040)) -> 0.072718711 | V3: =1-(((Readme!$F15+Readme!$F21)/2)/((Readme!$E15+Readme!$E21)/2))^(1/(2050-2040)) -> 0.072718711 | W3: =1-(((Readme!$F15+Readme!$F21)/2)/((Readme!$E15+Readme!$E21)/2))^(1/(2050-2040)) -> 0.072718711 | X3: =1-(((Readme!$F15+Readme!$F21)/2)/((Readme!$E15+Readme!$E21)/2))^(1/(2050-2040)) -> 0.072718711 | Y3: =1-(((Readme!$F15+Readme!$F21)/2)/((Readme!$E15+Readme!$E21)/2))^(1/(2050-2040)) -> 0.072718711 | Z3: =1-(((Readme!$F15+Readme!$F21)/2)/((Readme!$E15+Readme!$E21)/2))^(1/(2050-2040)) -> 0.072718711 | AA3: =1-(((Readme!$F15+Readme!$F21)/2)/((Readme!$E15+Readme!$E21)/2))^(1/(2050-2040)) -> 0.072718711 | AB3: =1-(((Readme!$F15+Readme!$F21)/2)/((Readme!$E15+Readme!$E21)/2))^(1/(2050-2040)) -> 0.072718711 | ... AD3: =1-(((Readme!$F15+Readme!$F21)/2)/((Readme!$E15+Readme!$E21)/2))^(1/(2050-2040)) -> 0.072718711
A4: Gas | B4: =1-(((Readme!$C16+Readme!$C22)/2)/((Readme!$B16+Readme!$B22)/2))^(1/(2030-2023)) -> 0.010713405 | C4: =1-(((Readme!$C16+Readme!$C22)/2)/((Readme!$B16+Readme!$B22)/2))^(1/(2030-2023)) -> 0.010713405 | D4: =1-(((Readme!$C16+Readme!$C22)/2)/((Readme!$B16+Readme!$B22)/2))^(1/(2030-2023)) -> 0.010713405 | E4: =1-(((Readme!$C16+Readme!$C22)/2)/((Readme!$B16+Readme!$B22)/2))^(1/(2030-2023)) -> 0.010713405 | F4: =1-(((Readme!$C16+Readme!$C22)/2)/((Readme!$B16+Readme!$B22)/2))^(1/(2030-2023)) -> 0.010713405 | G4: =1-(((Readme!$C16+Readme!$C22)/2)/((Readme!$B16+Readme!$B22)/2))^(1/(2030-2023)) -> 0.010713405 | H4: =1-(((Readme!$C16+Readme!$C22)/2)/((Readme!$B16+Readme!$B22)/2))^(1/(2030-2023)) -> 0.010713405 | I4: =1-(((Readme!$C16+Readme!$C22)/2)/((Readme!$B16+Readme!$B22)/2))^(1/(2030-2023)) -> 0.010713405 | J4: =1-(((Readme!$C16+Readme!$C22)/2)/((Readme!$B16+Readme!$B22)/2))^(1/(2030-2023)) -> 0.010713405 | K4: =1-(((Readme!$D16+Readme!$D22)/2)/((Readme!$C16+Readme!$C22)/2))^(1/(2035-2030)) -> 0.082220996 | L4: =1-(((Readme!$D16+Readme!$D22)/2)/((Readme!$C16+Readme!$C22)/2))^(1/(2035-2030)) -> 0.082220996 | M4: =1-(((Readme!$D16+Readme!$D22)/2)/((Readme!$C16+Readme!$C22)/2))^(1/(2035-2030)) -> 0.082220996 | N4: =1-(((Readme!$D16+Readme!$D22)/2)/((Readme!$C16+Readme!$C22)/2))^(1/(2035-2030)) -> 0.082220996 | O4: =1-(((Readme!$D16+Readme!$D22)/2)/((Readme!$C16+Readme!$C22)/2))^(1/(2035-2030)) -> 0.082220996 | P4: =1-(((Readme!$E16+Readme!$E22)/2)/((Readme!$D16+Readme!$D22)/2))^(1/(2040-2035)) -> 0.070751087 | Q4: =1-(((Readme!$E16+Readme!$E22)/2)/((Readme!$D16+Readme!$D22)/2))^(1/(2040-2035)) -> 0.070751087 | R4: =1-(((Readme!$E16+Readme!$E22)/2)/((Readme!$D16+Readme!$D22)/2))^(1/(2040-2035)) -> 0.070751087 | S4: =1-(((Readme!$E16+Readme!$E22)/2)/((Readme!$D16+Readme!$D22)/2))^(1/(2040-2035)) -> 0.070751087 | T4: =1-(((Readme!$E16+Readme!$E22)/2)/((Readme!$D16+Readme!$D22)/2))^(1/(2040-2035)) -> 0.070751087 | U4: =1-(((Readme!$F16+Readme!$F22)/2)/((Readme!$E16+Readme!$E22)/2))^(1/(2050-2040)) -> 0.052215188 | V4: =1-(((Readme!$F16+Readme!$F22)/2)/((Readme!$E16+Readme!$E22)/2))^(1/(2050-2040)) -> 0.052215188 | W4: =1-(((Readme!$F16+Readme!$F22)/2)/((Readme!$E16+Readme!$E22)/2))^(1/(2050-2040)) -> 0.052215188 | X4: =1-(((Readme!$F16+Readme!$F22)/2)/((Readme!$E16+Readme!$E22)/2))^(1/(2050-2040)) -> 0.052215188 | Y4: =1-(((Readme!$F16+Readme!$F22)/2)/((Readme!$E16+Readme!$E22)/2))^(1/(2050-2040)) -> 0.052215188 | Z4: =1-(((Readme!$F16+Readme!$F22)/2)/((Readme!$E16+Readme!$E22)/2))^(1/(2050-2040)) -> 0.052215188 | AA4: =1-(((Readme!$F16+Readme!$F22)/2)/((Readme!$E16+Readme!$E22)/2))^(1/(2050-2040)) -> 0.052215188 | AB4: =1-(((Readme!$F16+Readme!$F22)/2)/((Readme!$E16+Readme!$E22)/2))^(1/(2050-2040)) -> 0.052215188 | ... AD4: =1-(((Readme!$F16+Readme!$F22)/2)/((Readme!$E16+Readme!$E22)/2))^(1/(2050-2040)) -> 0.052215188
